loyverse_item_id,loyverse_name,qbo_item_id,qbo_name,usage_count,selection_reason
3844aefe-fe40-4158-9af7-45617414a738,10 LB SPECIAL: Chicken Leg Quarters,100,Chicken Leg Quarters,0,no_usage_found_fallback_lowest_id
54288d23-e64e-428b-a69d-074e08ba998c,10 LBS SPECIAL - Pork Leg Chops,41,10 LBS SPECIAL - Pork Leg Chops,16,highest_transaction_usage
1c1f6993-7d52-45e5-bcb9-8b4c4bb53202,20 LB SPECIAL: Chicken Leg Quarters,98,Chicken Leg Quarters,0,no_usage_found_fallback_lowest_id
888497f3-3c14-46ce-a506-0ac2f661a837,5 Lb Minced Meat Special,19,5 Lb Minced Meat Special,5,highest_transaction_usage
75aa8ab3-655d-403d-91e6-4f7fd17b201a,50 lbs. chicken leg special,21,50 lbs. chicken leg special,44,highest_transaction_usage
09ad9b06-f5b0-40ca-b660-756b1d5b4afc,Bacon,9,Bacon,6,highest_transaction_usage
0e9fe1ec-86f7-40e6-836c-f3a987f58fe2,Beef Stew (Bone in),78,Beef Stew (Bone in),9,highest_transaction_usage
d1c4e749-4e91-41ea-babe-ac0e92791ef9,Beef clod,26,Beef Clod,40,highest_transaction_usage
e3d3d17a-a767-4a47-9170-92262d113550,Bill fish,12,Bill fish,22,highest_transaction_usage
58a33560-7912-4f58-ad67-d48ef115734a,Boneless Chicken Breast,18,Boneless Chicken Breast,167,highest_transaction_usage
bf557271-b0f3-4964-9b22-6e17b3d4c5b8,Boneless Pig Head,47,Boneless Pig Head,0,no_usage_found_fallback_lowest_id
f41cfff1-5a87-4e63-94ab-90079d0a52c4,Boneless Salt Fish,14,Boneless salt fish,32,highest_transaction_usage
79180304-4cdb-4b35-bf06-0598953cf801,Boston Butt,15,Boston Butt,0,no_usage_found_fallback_lowest_id
58e9f055-15d4-44ba-9d0f-756f9ddcb7b6,Burger - 1/4 pounder,89,Burger - 1/4 pounder,1,highest_transaction_usage
cab25c96-8c08-49da-a547-004fac0f7a2f,Chicken Backs,17,Chicken Backs,75,highest_transaction_usage
adee3183-32a6-47d5-b034-e9c0f8eca894,Chicken Breast - bone in,87,Chicken Breast - bone in,10,highest_transaction_usage
7cea06f5-ba38-447c-be69-6906e3b2736b,Chicken Breast Quarters,20,Chicken Breast Quarters,66,highest_transaction_usage
ecd0b0b9-4fa4-4a19-a8af-0b7d48005593,Chicken Chop Mix,16,Chicken Chop Mix,82,highest_transaction_usage
c44308bd-78e1-457b-a90b-403653283428,Chicken Drumsticks,71,Chicken Drumsticks,7,highest_transaction_usage
57a7041e-30ac-4087-88f7-341488639d10,Chicken Feet,21,Chicken Feet,44,highest_transaction_usage
d33ed184-5ce6-4c66-b5aa-ec6551180565,Chicken Gizzards,22,Chicken Gizzards,38,highest_transaction_usage
1974ed2d-8f94-4d83-bd6e-6d65e2f0a5a6,Chicken Leg Quarters,4,Chicken Leg Quarters,92,highest_transaction_usage
17ee4a4b-a4ac-411d-8fb0-0339b8bd90dc,Chicken Liver,23,Chicken Liver,28,highest_transaction_usage
bd2a2214-45c0-414b-a334-e10e980cb868,Chicken Necks,24,Chicken Necks,55,highest_transaction_usage
4eb3c53f-63a5-4971-80c8-1017c5c1a41f,Chicken Quarters Mix,79,Chicken Quarters Mix,15,highest_transaction_usage
fd1243b1-a585-4529-8bee-1b7851dbbfa0,Chicken Tenders,78,Chicken Tenders,9,highest_transaction_usage
451f9f02-ec90-42af-9cfa-af91697f1457,Chicken Wings,75,Chicken Wings,11,highest_transaction_usage
bca37cb1-0137-4d35-bde4-ea66ca90c725,Chicken Wings (Imported),33,Chicken Wings (Imported),24,highest_transaction_usage
7678a2ac-ee19-49bb-bc93-fc5ec7740cd9,Chicken Wings (Rib on),69,Chicken Wings (Rib on),15,highest_transaction_usage
7476eecf-a30e-4a4c-9e07-afb00225550b,Cow Heel,10,Cow Heel,11,highest_transaction_usage
73ad9b2d-e736-4ebf-bd17-0b01b893ee71,Dog Scraps,27,Dog Scraps,34,highest_transaction_usage
48ec99a6-0d65-4fa4-8847-3784df4c105b,Eggs,29,Eggs,17,highest_transaction_usage
98e34d4d-0b90-4fbf-af2d-9db24101f409,Fresh Pigtail,30,Fresh pigtail,12,highest_transaction_usage
12b14a2a-63b6-4ac4-9f35-832f36b2ef96,Goat Stew,67,Goat Stew,110,highest_transaction_usage
72f62e1b-e635-49c2-88d2-03b57c7323fa,Ground Beef,32,Ground Beef,29,highest_transaction_usage
7c9a736c-235d-406e-b893-8b83ac58215b,Hilldale Ham,65,Hilldale Ham,5,highest_transaction_usage
9062f848-8410-43cc-879c-a56a18489d32,Lamb Leg Chops,64,Lamb Leg Chops,0,no_usage_found_fallback_lowest_id
bc287675-2812-42c0-bad9-076d080d9419,Lamb Necks,63,Lamb Necks,86,highest_transaction_usage
38bd20fd-7a30-4adf-8116-7f8af585dab4,Lamb Shoulder Chops,62,Lamb Shoulder Chops,0,no_usage_found_fallback_lowest_id
57077096-09c8-4cc4-9af1-403760802cc7,Lamb Stew,37,Lamb stew,83,highest_transaction_usage
a4e4076c-381c-4639-83e0-828cf87b3a9c,Lean Souse Meat,59,Lean Souse Meat,34,highest_transaction_usage
367ed26b-e657-4459-b9fa-a4f25e95c881,Lemon Juice,60,Lemon Juice,6,highest_transaction_usage
ab396dfa-c180-4c0c-a7ea-f3a2d7c40f2b,Lime Juice,59,Lime Juice,34,highest_transaction_usage
fd83d27d-444a-4171-97c2-15bc83fee918,Local Lamb Leg,58,Local Lamb Leg,61,highest_transaction_usage
0586dc89-4e64-43cd-98d4-ff8f0e32b4da,Local Lamb Rack,57,Local Lamb Rack,6,highest_transaction_usage
41d387f3-82bb-45ec-a882-4347d9884320,Local Lamb Saddle,56,Local Lamb Saddle,5,highest_transaction_usage
44e178db-a5e4-45fd-b97a-1818c8c16e5d,Local Lamb Shoulder,55,Local Lamb Shoulder,58,highest_transaction_usage
109745b4-8c67-485d-b055-8b11e0c8a117,Local Turkey,31,Local Turkey,16,highest_transaction_usage
c883c94c-2804-40d3-ab42-6130f575e186,Marlin,54,Marlin,62,highest_transaction_usage
0183d689-c619-472e-a562-d634d0846272,Minced Chicken,53,Minced Chicken,75,highest_transaction_usage
2cd445d2-1f21-4387-a45b-8e4697f98e30,Minced Lamb,103,Minced Lamb,6,highest_transaction_usage
1f33e83c-2f19-406b-a9fc-520f3d6aeca0,Minced Meat,52,Minced Meat,43,highest_transaction_usage
e239885a-62d6-45b2-a34c-56906ba73f6d,Minced Pork,51,Minced Pork,9,highest_transaction_usage
da2916b5-9212-483c-9ca4-18c45ed55b8d,Oxtail,50,Oxtail,18,highest_transaction_usage
3b056213-a896-4f6d-9c15-557ae4822145,Pig Ears,49,Pig Ears,49,highest_transaction_usage
1caef484-ea5c-4e72-8ee0-c8888c5f0d77,Pig Feet,46,Pig Feet,55,highest_transaction_usage
b1b70e8d-08a8-49c9-892e-99d196e7604a,Pig Snout,46,Pig Snout,55,highest_transaction_usage
f327813b-1da4-4e23-8d55-8353d847709b,Pig Tongue,45,Pig Tongue,25,highest_transaction_usage
a787375e-1cfc-4a52-9921-db5e27e081bc,Pork Flap,49,Pork Flap,49,highest_transaction_usage
97d77112-cf79-4eb1-a057-9ec36f3ddf75,Pork Hocks,43,Pork Hocks,28,highest_transaction_usage
83eabe3e-a02a-4d36-87a5-b748063987ed,Pork Leg Chops,51,Pork Leg Chops,9,highest_transaction_usage
cfbfd6ac-b074-4475-be94-f1c02b65a7a7,Pork Loin Chops,53,Pork Loin Chops,75,highest_transaction_usage
540200c6-3bd5-46ca-8383-0996cca8fce8,Pork Riblets,102,Pork Riblets,0,no_usage_found_fallback_lowest_id
a16f6b18-75bb-4bd2-8d2b-e3872835545d,Pork Shoulder Chops,54,Pork Shoulder Chops,62,highest_transaction_usage
cd5abac5-3e43-4010-a54b-6dfe7ef3d234,Pork Stew,55,Pork Stew,58,highest_transaction_usage
36231aae-4471-4947-a6e1-b6a931beac6a,Ribeye Steak - Local,30,Ribeye Steak - Local,12,highest_transaction_usage
f444eb84-775c-4580-a202-2562cfc8a1f4,Riblets,29,Riblets,17,highest_transaction_usage
0cd89876-4f46-4c2e-b3d4-bfbed262b861,Sail Fish,65,Sail Fish,5,highest_transaction_usage
3b151133-55e1-4fae-a6cf-a62deb3831aa,Salt Beef,37,Salt Beef,83,highest_transaction_usage
467120ab-2712-4278-b2cd-1225a77068bd,Salted Pigtails,28,Salted Pigtails,62,highest_transaction_usage
2b765073-8468-4a50-bb5b-6f2e9a464b65,Seasoning,36,Seasoning,75,highest_transaction_usage
5b5df5b2-7e2f-4ed8-95bc-6c7caf0ad61c,Spareribs - Local,40,Spareribs - Local,23,highest_transaction_usage
34e20141-c3f7-4a73-a0cb-fb58e12e1eff,Spareribs - Miss cuts,33,Spareribs - Miss cuts,24,highest_transaction_usage
782da917-d5fd-4c82-b7a6-1bcc970f5fcd,Spareribs Imported,27,Spareribs Imported,34,highest_transaction_usage
4d7048af-cc34-4d56-b3e9-4dadc8f646d1,Striploin Steak - Local,32,Striploin Steak - Local,29,highest_transaction_usage
ab121f85-8a7f-47ca-87c9-f22d51cf2a7d,Sword Fish,26,Sword Fish,40,highest_transaction_usage
6ee596a7-9523-472a-8074-e07102d552df,Turkey Breast Boneless,25,Turkey Breast Boneless,167,highest_transaction_usage
38060e01-cd11-47e4-bcf4-c2f484e382f7,Turkey Necks,24,Turkey Necks,55,highest_transaction_usage
f35b9a20-f48d-44a4-8efa-553a31f2844a,Turkey Wings,63,Turkey Wings,86,highest_transaction_usage
ad4de7e5-23c3-46f9-b999-9440f8c05329,Whole Chicken,3,Whole Chicken,50,highest_transaction_usage
68976520-bb38-441c-bc79-179c44449907,Wholesale Pork lean meat,20,Wholesale Pork lean meat,66,highest_transaction_usage
d2cfeb96-586f-4fb8-a928-83e45853d621,chicken thighs,88,chicken thighs,15,highest_transaction_usage
6ed4e51e-3f33-4c1c-bc7c-f9e97449e830,eggs each,69,eggs each,15,highest_transaction_usage
a34a28d9-9e3e-4462-80f5-480cc25ca7a5,filleted snapper,35,filleted snapper,35,highest_transaction_usage
